player,innings,runs,balls_faced,fours,sixes,batting_avg,strike_rate,boundary_rate,batting_score
A Alexander,1,0,1,0,0,0.0,0.0,0.0,0.0
A Awasthi,5,11,50,0,0,2.2,22.0,0.0,0.48400000000000004
A Badoni,11,329,221,27,14,29.90909090909091,148.86877828054298,0.18552036199095023,44.525298231180585
A Beresford-Peirse,5,53,89,0,1,10.6,59.55056179775281,0.011235955056179775,6.312359550561798
A Busing-Volschenk,1,20,20,1,1,20.0,100.0,0.1,20.0
A Chenthamara,1,0,1,0,0,0.0,0.0,0.0,0.0
A Curavic,3,5,20,0,0,1.6666666666666667,25.0,0.0,0.41666666666666674
A Davidson Soler,3,47,33,2,1,15.666666666666666,142.42424242424244,0.09090909090909091,22.313131313131315
A Donovan,4,78,75,4,4,19.5,104.0,0.10666666666666667,20.28
A Dutt,3,22,16,2,1,7.333333333333333,137.5,0.1875,10.083333333333332
A Ferguson,3,29,30,4,0,9.666666666666666,96.66666666666667,0.13333333333333333,9.344444444444445
A Gbla,10,118,93,7,5,11.8,126.88172043010752,0.12903225806451613,14.972043010752689
A Husain,1,4,7,0,0,4.0,57.14285714285714,0.0,2.2857142857142856
A Kamboj,5,14,12,2,0,2.8,116.66666666666667,0.16666666666666666,3.266666666666667
A Kirschbaum,4,58,61,3,1,14.5,95.08196721311475,0.06557377049180328,13.78688524590164
A Magdalenic,4,6,23,0,0,1.5,26.08695652173913,0.0,0.391304347826087
A Manohar,5,61,61,2,4,12.2,100.0,0.09836065573770492,12.2
A Mhatre,7,240,127,31,11,34.285714285714285,188.9763779527559,0.33070866141732286,64.79190101237346
A Mongar,3,11,26,0,0,3.6666666666666665,42.30769230769231,0.0,1.551282051282051
A Nortje,2,13,15,0,1,6.5,86.66666666666667,0.06666666666666667,5.633333333333334
A Patmore,2,64,71,9,0,32.0,90.14084507042254,0.1267605633802817,28.845070422535215
A Raghuvanshi,11,300,214,30,8,27.272727272727273,140.18691588785046,0.17757009345794392,38.23279524214104
A Razmilic,5,5,18,1,0,1.0,27.77777777777778,0.05555555555555555,0.2777777777777778
A Sharafu,5,126,120,12,3,25.2,105.0,0.125,26.46
A Sharma,5,172,133,16,7,34.4,129.32330827067668,0.17293233082706766,44.487218045112776
A Shukla,1,10,5,1,1,10.0,200.0,0.4,20.0
A Zampa,4,11,16,0,0,2.75,68.75,0.0,1.890625
AA Rahayu,5,64,44,4,2,12.8,145.45454545454547,0.13636363636363635,18.61818181818182
AAP Rivero,3,22,29,1,0,7.333333333333333,75.86206896551724,0.034482758620689655,5.563218390804598
AB Kamara,10,166,153,6,8,16.6,108.49673202614379,0.0915032679738562,18.01045751633987
AD Russell,10,167,102,16,14,16.7,163.72549019607843,0.29411764705882354,27.342156862745096
AG Cremer,1,0,6,0,0,0.0,0.0,0.0,0.0
AGS Gous,2,19,22,2,1,9.5,86.36363636363636,0.13636363636363635,8.204545454545453
AJ Mosca,7,209,136,13,16,29.857142857142858,153.6764705882353,0.21323529411764705,45.88340336134454
AK Gokoel,3,43,53,1,0,14.333333333333334,81.13207547169812,0.018867924528301886,11.628930817610064
AK Markram,27,933,616,88,41,34.55555555555556,151.46103896103895,0.20941558441558442,52.33820346320346
AM Rahane,12,390,264,36,20,32.5,147.72727272727272,0.21212121212121213,48.01136363636363
AP Yadav,4,82,87,8,1,20.5,94.25287356321839,0.10344827586206896,19.32183908045977
AR Naidoo,3,78,67,4,3,26.0,116.4179104477612,0.1044776119402985,30.26865671641791
AR Odedara,1,1,2,0,0,1.0,50.0,0.0,0.5
AR Patel,18,328,229,26,17,18.22222222222222,143.23144104803492,0.18777292576419213,26.09995147986414
AS Roy,1,0,1,0,0,0.0,0.0,0.0,0.0
ASF Sirah,4,52,43,10,0,13.0,120.93023255813952,0.23255813953488372,15.720930232558137
AU Rashid,3,8,7,1,0,2.6666666666666665,114.28571428571428,0.14285714285714285,3.047619047619047
AV Lazarus,4,84,79,9,2,21.0,106.32911392405062,0.13924050632911392,22.32911392405063
Aamir Kaleem,4,61,42,7,2,15.25,145.23809523809524,0.21428571428571427,22.148809523809522
Aarif Sheikh,3,39,40,3,1,13.0,97.5,0.1,12.675
Aasif Sheikh,4,71,66,5,2,17.75,107.57575757575756,0.10606060606060606,19.09469696969697
Abdul Majid Abbasi,5,20,37,0,1,4.0,54.054054054054056,0.02702702702702703,2.1621621621621623
Abdul Samad,12,164,93,8,14,13.666666666666666,176.34408602150538,0.23655913978494625,24.100358422939067
Abdullah Mohd Yousaf,1,6,8,0,0,6.0,75.0,0.0,4.5
Abhishek Anand,4,101,62,10,7,25.25,162.90322580645162,0.27419354838709675,41.13306451612903
Abhishek Sharma,30,861,445,88,58,28.7,193.48314606741573,0.32808988764044944,55.52966292134832
Abishek Porel,13,301,205,28,12,23.153846153846153,146.8292682926829,0.1951219512195122,33.99662288930581
Abraar Khan,4,18,39,0,0,4.5,46.15384615384615,0.0,2.0769230769230766
Abrar Ahmed,1,0,1,0,0,0.0,0.0,0.0,0.0
Adnan Tahir,1,4,5,0,0,4.0,80.0,0.0,3.2
Agha Salman,11,241,139,25,13,21.90909090909091,173.3812949640288,0.2733812949640288,37.986265533028124
Ahmad Ramdoni,4,54,84,5,0,13.5,64.28571428571429,0.05952380952380952,8.678571428571429
Ahmed Faiz,5,62,77,4,2,12.4,80.51948051948052,0.07792207792207792,9.984415584415585
Ahmer Bin Nisar,13,298,206,31,11,22.923076923076923,144.6601941747573,0.20388349514563106,33.160567587752055
Aizaz Khan,3,16,12,3,0,5.333333333333333,133.33333333333331,0.25,7.11111111111111
Ajaz Patel,2,2,11,0,0,1.0,18.181818181818183,0.0,0.18181818181818182
Akash Deep,2,6,2,0,1,3.0,300.0,0.5,9.0
Akash Madhwal,1,4,9,0,0,4.0,44.44444444444444,0.0,1.7777777777777777
Ali Dawood,8,51,47,4,2,6.375,108.51063829787233,0.1276595744680851,6.917553191489361
Ali Hasan,3,0,8,0,0,0.0,0.0,0.0,0.0
Ali Rahmon,7,148,123,17,3,21.142857142857142,120.32520325203254,0.16260162601626016,25.440185830429737
Aman Desai,3,53,58,5,0,17.666666666666668,91.37931034482759,0.08620689655172414,16.143678160919542
Ameer Saiyed,2,34,31,2,0,17.0,109.6774193548387,0.06451612903225806,18.64516129032258
Amir Butt,3,30,50,1,1,10.0,60.0,0.04,6.0
Amir Khan,2,1,2,0,0,0.5,50.0,0.0,0.25
Aniket Verma,12,236,142,12,20,19.666666666666668,166.19718309859155,0.22535211267605634,32.68544600938967
Anjar Tadarus,9,99,101,8,3,11.0,98.01980198019803,0.10891089108910891,10.782178217821784
Anshuman Rath,3,98,63,10,5,32.666666666666664,155.55555555555557,0.23809523809523808,50.81481481481482
Arshad Khan,4,23,19,0,3,5.75,121.05263157894737,0.15789473684210525,6.960526315789474
Arshdeep Singh,8,19,27,3,0,2.375,70.37037037037037,0.1111111111111111,1.6712962962962963
Asad Rasheed,2,0,2,0,0,0.0,0.0,0.0,0.0
Ashutosh Sharma,9,203,126,14,13,22.555555555555557,161.11111111111111,0.21428571428571427,36.33950617283951
Asif Ali,15,220,180,18,15,14.666666666666666,122.22222222222223,0.18333333333333332,17.925925925925927
Asif Shaikh,3,11,11,0,1,3.6666666666666665,100.0,0.09090909090909091,3.666666666666666
Aslam Bera,4,2,9,0,0,0.5,22.22222222222222,0.0,0.1111111111111111
Aslam Khan,2,13,12,3,0,6.5,108.33333333333333,0.25,7.041666666666666
Aslan Jafri,4,54,57,2,3,13.5,94.73684210526315,0.08771929824561403,12.789473684210526
Atharva Taide,1,13,9,3,0,13.0,144.44444444444443,0.3333333333333333,18.777777777777775
Avesh Khan,3,21,12,3,1,7.0,175.0,0.3333333333333333,12.25
Ayaz Dadabhai,10,127,120,6,5,12.7,105.83333333333333,0.09166666666666666,13.440833333333332
Azim Patel,2,8,13,1,0,4.0,61.53846153846154,0.07692307692307693,2.4615384615384617
Azmatullah Omarzai,5,57,41,6,3,11.4,139.02439024390242,0.21951219512195122,15.848780487804877
Azri Azhar,2,4,7,0,0,2.0,57.14285714285714,0.0,1.1428571428571428
B Evans,3,52,32,2,6,17.333333333333332,162.5,0.25,28.166666666666664
B Ito-Davis,2,30,31,0,2,15.0,96.7741935483871,0.06451612903225806,14.516129032258066
B Kgosiemang,1,2,1,0,0,2.0,200.0,0.0,4.0
B Khumalo,1,5,7,0,0,5.0,71.42857142857143,0.0,3.5714285714285716
B Kumar,6,14,25,1,0,2.3333333333333335,56.00000000000001,0.04,1.3066666666666669
B Mejaro,3,4,13,0,0,1.3333333333333333,30.76923076923077,0.0,0.41025641025641024
B Muzarabani,1,0,5,0,0,0.0,0.0,0.0,0.0
B Sai Sudharsan,15,759,486,88,21,50.6,156.17283950617283,0.2242798353909465,79.02345679012346
B Shikongo,1,0,1,0,0,0.0,0.0,0.0,0.0
B White,1,5,6,1,0,5.0,83.33333333333334,0.16666666666666666,4.166666666666668
B van Zyl,1,22,18,1,1,22.0,122.22222222222223,0.1111111111111111,26.888888888888893
BA King,8,168,125,23,6,21.0,134.4,0.232,28.224
BAD Manenti,3,137,76,11,8,45.666666666666664,180.26315789473685,0.25,82.3201754385965
BF Calitz,7,93,62,5,5,13.285714285714286,150.0,0.16129032258064516,19.92857142857143
BFW de Leede,4,158,113,13,6,39.5,139.8230088495575,0.168141592920354,55.23008849557522
BJ Bennett,6,292,216,32,7,48.666666666666664,135.1851851851852,0.18055555555555555,65.79012345679013
BJ Currie,2,4,8,0,0,2.0,50.0,0.0,1.0
BJ Dwarshuis,2,13,15,0,0,6.5,86.66666666666667,0.0,5.633333333333334
BJ Jacobs,1,7,11,1,0,7.0,63.63636363636363,0.09090909090909091,4.454545454545454
BJ McCarthy,3,15,15,0,1,5.0,100.0,0.06666666666666667,5.0
BJ McMullen,4,80,51,2,6,20.0,156.86274509803923,0.1568627450980392,31.372549019607845
BKG Mendis,12,355,275,37,8,29.583333333333332,129.0909090909091,0.16363636363636364,38.18939393939394
BM Duckett,1,0,1,0,0,0.0,0.0,0.0,0.0
BM Scholtz,2,5,6,1,0,2.5,83.33333333333334,0.16666666666666666,2.083333333333334
BRM Taylor,1,31,30,3,0,31.0,103.33333333333334,0.1,32.03333333333333
BTJ Wheal,1,2,3,0,0,2.0,66.66666666666666,0.0,1.333333333333333
Babar Azam,7,167,142,11,3,23.857142857142858,117.6056338028169,0.09859154929577464,28.057344064386317
Babar Hayat,3,59,50,3,4,19.666666666666668,118.0,0.14,23.20666666666667
Basil Hameed,1,2,3,0,0,2.0,66.66666666666666,0.0,1.333333333333333
Benson Chama,1,0,2,0,0,0.0,0.0,0.0,0.0
Bhargav Narasimha,1,6,13,0,0,6.0,46.15384615384615,0.0,2.769230769230769
Bilal Tahir,3,91,53,6,7,30.333333333333332,171.69811320754718,0.24528301886792453,52.081761006289305
Brima Ansumana,2,19,30,0,0,9.5,63.33333333333333,0.0,6.016666666666667
C Bah,8,45,52,1,2,5.625,86.53846153846155,0.057692307692307696,4.867788461538462
C Bosch,7,77,67,5,4,11.0,114.92537313432835,0.13432835820895522,12.641791044776118
C Campher,6,115,98,9,2,19.166666666666668,117.34693877551021,0.11224489795918367,22.49149659863946
C Chatphaisan,8,110,94,7,6,13.75,117.02127659574468,0.13829787234042554,16.090425531914892
C Connolly,5,15,20,0,1,3.0,75.0,0.05,2.25
C Green,6,117,95,7,5,19.5,123.15789473684211,0.12631578947368421,24.01578947368421
C Hinze,3,22,15,3,1,7.333333333333333,146.66666666666666,0.26666666666666666,10.755555555555555
C Madande,1,26,20,3,0,26.0,130.0,0.15,33.8
C Munoz-Mills,2,26,25,2,0,13.0,104.0,0.08,13.52
C Pengkumta,3,42,36,1,3,14.0,116.66666666666667,0.1111111111111111,16.333333333333336
C Rathanak,1,0,1,0,0,0.0,0.0,0.0,0.0
C Rububagumya,4,46,43,5,1,11.5,106.9767441860465,0.13953488372093023,12.302325581395348
C Tlali,4,10,16,1,0,2.5,62.5,0.0625,1.5625
CA Young,2,3,4,0,0,1.5,75.0,0.0,1.125
CE McConchie,2,45,35,5,2,22.5,128.57142857142858,0.2,28.92857142857143
CJ Stamp,1,6,9,0,0,6.0,66.66666666666666,0.0,3.9999999999999996
CJPF Kalugamage,4,12,21,0,0,3.0,57.14285714285714,0.0,1.7142857142857142
CN Ackermann,4,75,58,5,3,18.75,129.31034482758622,0.13793103448275862,24.24568965517242
CV Anto,3,35,27,3,3,11.666666666666666,129.62962962962962,0.2222222222222222,15.123456790123456
CV Varun,5,2,8,0,0,0.4,25.0,0.0,0.1
D Ajekun,4,31,49,2,0,7.75,63.26530612244898,0.04081632653061224,4.903061224489797
D Brevis,18,498,310,31,36,27.666666666666668,160.6451612903226,0.2161290322580645,44.44516129032259
D Doyle-Calle,3,77,39,1,8,25.666666666666668,197.43589743589746,0.23076923076923078,50.67521367521368
D Ebersohn,2,18,32,0,0,9.0,56.25,0.0,5.0625
D Ferreira,5,56,42,3,4,11.2,133.33333333333331,0.16666666666666666,14.93333333333333
D Gumyusenge,9,46,52,5,0,5.111111111111111,88.46153846153845,0.09615384615384616,4.52136752136752
D Heyliger,3,18,9,0,2,6.0,200.0,0.2222222222222222,12.0
D Madushanka,1,0,2,0,0,0.0,0.0,0.0,0.0
D Maisuria,1,5,10,0,0,5.0,50.0,0.0,2.5
D Myers,4,45,42,4,2,11.25,107.14285714285714,0.14285714285714285,12.053571428571429
D Nanda,1,0,1,0,0,0.0,0.0,0.0,0.0
D Ndikubwimana,8,240,249,28,0,30.0,96.3855421686747,0.11244979919678715,28.915662650602414
D Padikkal,10,247,163,22,14,24.7,151.53374233128832,0.22085889570552147,37.428834355828215
D Panda,4,36,43,1,0,9.0,83.72093023255815,0.023255813953488372,7.5348837209302335
D Parashar,2,12,16,1,0,6.0,75.0,0.0625,4.5
D Suzuki,3,23,15,2,1,7.666666666666667,153.33333333333334,0.2,11.755555555555556
D Svilicic,4,5,15,0,0,1.25,33.33333333333333,0.0,0.4166666666666666
DA Miller,18,341,244,27,14,18.944444444444443,139.75409836065575,0.1680327868852459,26.47563752276867
DA Senthil,1,7,15,0,0,7.0,46.666666666666664,0.0,3.266666666666666
DC Smith,4,110,45,11,10,27.5,244.44444444444446,0.4666666666666667,67.22222222222223
DGAPD Wiswi,5,50,68,3,0,10.0,73.52941176470588,0.04411764705882353,7.352941176470588
DJ Hawoe,6,38,30,3,2,6.333333333333333,126.66666666666666,0.16666666666666666,8.022222222222222
DJ Hooda,5,25,40,2,0,5.0,62.5,0.05,3.125
DJ Mitchell,9,180,117,14,9,20.0,153.84615384615387,0.19658119658119658,30.76923076923077
DL Chahar,4,37,25,3,2,9.25,148.0,0.2,13.69
DM de Silva,3,43,37,6,0,14.333333333333334,116.21621621621621,0.16216216216216217,16.65765765765766
DN Wellalage,7,81,75,8,1,11.571428571428571,108.0,0.12,12.497142857142858
DO Leicher,2,6,6,0,0,3.0,100.0,0.0,3.0
DP Conway,10,220,155,24,8,22.0,141.93548387096774,0.2064516129032258,31.225806451612904
DPS Tyagi,4,20,14,1,2,5.0,142.85714285714286,0.21428571428571427,7.142857142857143
DS Airee,4,169,117,13,7,42.25,144.44444444444443,0.17094017094017094,61.02777777777777
DS Bajwa,3,47,51,6,0,15.666666666666666,92.15686274509804,0.11764705882352941,14.437908496732025
DS Rathi,1,1,3,0,0,1.0,33.33333333333333,0.0,0.33333333333333326
Davion Codner,1,1,1,0,0,1.0,100.0,0.0,1.0
Dhruv Jurel,13,333,213,22,22,25.615384615384617,156.33802816901408,0.20657276995305165,40.046587215601306
E Beukes,9,166,136,9,11,18.444444444444443,122.05882352941177,0.14705882352941177,22.513071895424837
E Ndubudem,4,7,11,0,0,1.75,63.63636363636363,0.0,1.1136363636363635
E Rukiriza,6,39,39,3,1,6.5,100.0,0.10256410256410256,6.5
Ehsan Adil,1,1,2,0,0,1.0,50.0,0.0,0.5
Ehsan Khan,3,15,13,1,1,5.0,115.38461538461537,0.15384615384615385,5.769230769230769
Esam Rahman,2,34,17,5,2,17.0,200.0,0.4117647058823529,34.0
F Banunaek,3,26,19,4,0,8.666666666666666,136.8421052631579,0.21052631578947367,11.859649122807015
F du Plessis,9,197,161,17,8,21.88888888888889,122.36024844720497,0.15527950310559005,26.783298826777084
FH Allen,8,372,184,33,26,46.5,202.17391304347828,0.32065217391304346,94.0108695652174
FJ Klaassen,1,3,6,0,0,3.0,50.0,0.0,1.5
Faheem Ashraf,5,55,33,6,3,11.0,166.66666666666669,0.2727272727272727,18.333333333333336
Fakhar Zaman,5,130,90,13,6,26.0,144.44444444444443,0.2111111111111111,37.55555555555555
Fazalhaq Farooqi,1,2,2,0,0,2.0,100.0,0.0,2.0
Fiaz Ahmed,14,232,242,18,8,16.571428571428573,95.86776859504133,0.10743801652892562,15.886658795749707
G Coetzee,2,16,10,2,1,8.0,160.0,0.3,12.8
G Gune,4,45,49,5,1,11.25,91.83673469387756,0.12244897959183673,10.331632653061227
G Singh,4,49,69,2,1,12.25,71.01449275362319,0.043478260869565216,8.69927536231884
G Stewart,6,103,68,3,11,17.166666666666668,151.47058823529412,0.20588235294117646,26.002450980392158
GA Priandana,11,251,237,20,8,22.818181818181817,105.90717299578058,0.11814345991561181,24.166091292673567
GC Murtaza,8,92,94,9,3,11.5,97.87234042553192,0.1276595744680851,11.255319148936172
GD Arta,10,118,126,5,6,11.8,93.65079365079364,0.0873015873015873,11.05079365079365
GD Phillips,10,315,205,26,16,31.5,153.65853658536585,0.2048780487804878,48.40243902439024
GF Linde,3,63,38,3,4,21.0,165.78947368421052,0.18421052631578946,34.815789473684205
GH Dockrell,9,158,103,11,10,17.555555555555557,153.39805825242718,0.20388349514563106,26.92988133764833
GJ Delany,8,108,86,8,5,13.5,125.5813953488372,0.1511627906976744,16.953488372093023
GJ Maxwell,9,110,105,8,3,12.222222222222221,104.76190476190477,0.10476190476190476,12.804232804232804
GK Ghalley,11,150,134,8,10,13.636363636363637,111.94029850746267,0.13432835820895522,15.264586160108546
GP Meade,5,41,42,4,1,8.2,97.61904761904762,0.11904761904761904,8.004761904761903
GR Adair,8,128,97,17,4,16.0,131.95876288659792,0.21649484536082475,21.113402061855666
GR Russ,3,55,41,5,2,18.333333333333332,134.14634146341464,0.17073170731707318,24.59349593495935
GS Bajwa,3,74,57,5,4,24.666666666666668,129.82456140350877,0.15789473684210525,32.0233918128655
Guido Angeletti,1,0,1,0,0,0.0,0.0,0.0,0.0
Gulsan Jha,4,39,37,1,3,9.75,105.40540540540539,0.10810810810810811,10.277027027027025
Gurpreet Singh,4,54,67,4,0,13.5,80.59701492537313,0.05970149253731343,10.880597014925373
H Fennell,2,0,2,0,0,0.0,0.0,0.0,0.0
H Kaushik,4,12,23,1,0,3.0,52.17391304347826,0.043478260869565216,1.565217391304348
H Klaasen,13,484,279,42,25,37.23076923076923,173.47670250896056,0.24014336917562723,64.58671078025917
H Lin Aung,5,40,50,4,3,8.0,80.0,0.14,6.4
H Lin Oo,4,41,54,4,1,10.25,75.92592592592592,0.09259259259259259,7.782407407407407
H Thaker,3,85,72,4,5,28.333333333333332,118.05555555555556,0.125,33.449074074074076
HC Brook,11,291,180,25,14,26.454545454545453,161.66666666666666,0.21666666666666667,42.76818181818181
HER Tyler,4,70,50,8,2,17.5,140.0,0.2,24.5
HG Munsey,4,134,104,21,2,33.5,128.84615384615387,0.22115384615384615,43.16346153846154
HH Pandya,27,652,386,46,43,24.14814814814815,168.9119170984456,0.23056994818652848,40.78909998080983
HJ Manenti,6,92,83,5,5,15.333333333333334,110.8433734939759,0.12048192771084337,16.995983935742974
HT Tector,9,232,185,26,0,25.77777777777778,125.40540540540542,0.14054054054054055,32.326726726726726
HV Patel,4,21,26,0,0,5.25,80.76923076923077,0.0,4.240384615384616
Haider Ali,2,4,7,0,0,2.0,57.14285714285714,0.0,1.1428571428571428
Hammad Mirza,4,71,67,8,2,17.75,105.97014925373134,0.14925373134328357,18.809701492537314
Hamza Dar,2,106,35,2,13,53.0,302.85714285714283,0.42857142857142855,160.5142857142857
Hamza Khan,10,298,280,23,12,29.8,106.42857142857143,0.125,31.715714285714288
Harmeet Singh,3,7,8,1,0,2.3333333333333335,87.5,0.125,2.041666666666667
Harpreet Brar,2,11,13,0,1,5.5,84.61538461538461,0.07692307692307693,4.653846153846153
Harshit Rana,8,66,65,6,3,8.25,101.53846153846153,0.13846153846153847,8.376923076923076
Hassan Khan Mohammad,3,22,26,2,0,7.333333333333333,84.61538461538461,0.07692307692307693,6.205128205128204
I Danladi,9,319,274,28,6,35.44444444444444,116.42335766423358,0.12408759124087591,41.265612327656115
I Liyanage,4,154,102,15,5,38.5,150.98039215686273,0.19607843137254902,58.12745098039215
I Mugisha,1,6,4,0,1,6.0,150.0,0.25,9.0
I Niyomugabo,10,199,191,21,4,19.9,104.18848167539268,0.13089005235602094,20.733507853403143
I Ntirenganya,3,2,4,0,0,0.6666666666666666,50.0,0.0,0.33333333333333326
I Takahashi,3,86,43,9,5,28.666666666666668,200.0,0.32558139534883723,57.33333333333334
IK Gamantika,7,120,108,9,4,17.142857142857142,111.11111111111111,0.12037037037037036,19.047619047619047
IKEG Artawan,6,50,49,7,0,8.333333333333334,102.04081632653062,0.14285714285714285,8.503401360544219
IO Okpe,7,123,74,8,7,17.571428571428573,166.2162162162162,0.20270270270270271,29.206563706563706
IP Swaney,4,47,37,5,2,11.75,127.02702702702702,0.1891891891891892,14.925675675675675
IS Sodhi,2,35,20,1,3,17.5,175.0,0.2,30.625
Ibrahim Karim,2,3,6,0,0,1.5,50.0,0.0,0.75
Ibrahim Kpaka,8,45,54,4,0,5.625,83.33333333333334,0.07407407407407407,4.687500000000001
Imran Anwar,5,113,89,11,5,22.6,126.96629213483146,0.1797752808988764,28.694382022471913
Imran Khan,3,3,4,0,0,1.0,75.0,0.0,0.75
Inshaf Farook,4,42,47,2,2,10.5,89.36170212765957,0.0851063829787234,9.382978723404255
Ishan Kishan,26,882,487,87,49,33.92307692307692,181.1088295687885,0.2792607802874743,61.4376875691044
J Baker,4,155,108,16,6,38.75,143.5185185185185,0.2037037037037037,55.613425925925924
J Bangura,10,184,204,14,4,18.4,90.19607843137256,0.08823529411764706,16.596078431372547
J Byrappa,4,27,35,2,0,6.75,77.14285714285715,0.05714285714285714,5.207142857142858
J Charles,2,13,12,1,1,6.5,108.33333333333333,0.16666666666666666,7.041666666666666
J Coetzee,2,22,24,1,1,11.0,91.66666666666666,0.08333333333333333,10.083333333333332
J Dzulfikar,2,20,23,3,0,10.0,86.95652173913044,0.13043478260869565,8.695652173913043
J Edwards,1,5,6,0,0,5.0,83.33333333333334,0.0,4.166666666666668
J Fraser-McGurk,6,55,52,7,2,9.166666666666666,105.76923076923077,0.17307692307692307,9.69551282051282
J Lassayo,6,11,18,0,0,1.8333333333333333,61.111111111111114,0.0,1.1203703703703705
J Liyanage,6,86,64,8,2,14.333333333333334,134.375,0.15625,19.260416666666668
J Mosca,7,122,103,15,3,17.428571428571427,118.44660194174756,0.17475728155339806,20.643550624133145
J Overton,8,49,41,2,3,6.125,119.51219512195121,0.12195121951219512,7.320121951219512
J Perry,3,19,41,0,0,6.333333333333333,46.34146341463415,0.0,2.934959349593496
J Ramanandi,4,5,13,0,0,1.25,38.46153846153847,0.0,0.4807692307692308
J Singye,4,39,55,1,1,9.75,70.9090909090909,0.03636363636363636,6.913636363636364
J Tuffin,4,44,54,5,1,11.0,81.48148148148148,0.1111111111111111,8.962962962962964
JA Duffy,3,16,13,1,0,5.333333333333333,123.07692307692308,0.07692307692307693,6.564102564102564
JC Archer,13,95,65,5,7,7.3076923076923075,146.15384615384613,0.18461538461538463,10.680473372781064
JC Buttler,24,706,465,75,27,29.416666666666668,151.82795698924733,0.21935483870967742,44.66272401433693
JDS Neesham,2,31,22,4,0,15.5,140.9090909090909,0.18181818181818182,21.84090909090909
JEA Doctora,3,11,16,0,1,3.6666666666666665,68.75,0.0625,2.520833333333333
JF Bangura,1,4,10,0,0,4.0,40.0,0.0,1.6
JF Smith,3,29,17,5,0,9.666666666666666,170.58823529411765,0.29411764705882354,16.49019607843137
JG Bethell,13,372,252,38,17,28.615384615384617,147.61904761904762,0.21825396825396826,42.24175824175824
JJ Bumrah,3,4,4,1,0,1.3333333333333333,100.0,0.25,1.333333333333333
JJ Smit,4,62,53,2,3,15.5,116.98113207547169,0.09433962264150944,18.132075471698112
JM Bairstow,2,85,46,7,5,42.5,184.7826086956522,0.2608695652173913,78.53260869565219
JM Iradukunda,5,41,38,0,4,8.2,107.89473684210526,0.10526315789473684,8.84736842105263
JM Sharma,13,298,169,26,20,22.923076923076923,176.33136094674555,0.27218934911242604,40.4205735093309
JN Frylinck,4,80,67,8,3,20.0,119.40298507462686,0.16417910447761194,23.88059701492537
JN Loftie-Eaton,4,86,72,7,2,21.5,119.44444444444444,0.125,25.680555555555557
JO Holder,6,142,83,7,13,23.666666666666668,171.08433734939757,0.24096385542168675,40.489959839357425
JP Cabrera,1,5,5,1,0,5.0,100.0,0.2,5.0
JP Inglis,16,367,226,38,18,22.9375,162.38938053097345,0.24778761061946902,37.248064159292035
JR Hazlewood,1,0,1,0,0,0.0,0.0,0.0,0.0
JR Philippe,2,26,25,1,0,13.0,104.0,0.04,13.52
JT Brassell,1,1,1,0,0,1.0,100.0,0.0,1.0
JT Smuts,6,83,71,9,4,13.833333333333334,116.90140845070422,0.18309859154929578,16.171361502347416
JV Chand,10,262,249,22,6,26.2,105.22088353413655,0.11244979919678715,27.567871485943773
Jaikumar Thakur,5,38,66,2,0,7.6,57.57575757575758,0.030303030303030304,4.375757575757576
Jakir Patel,10,179,158,14,8,17.9,113.29113924050634,0.13924050632911392,20.279113924050634
Jaskaran Singh,2,4,5,0,0,2.0,80.0,0.0,1.6
Jaspreet Singh,2,12,11,0,1,6.0,109.09090909090908,0.09090909090909091,6.545454545454545
Jatinder Singh,4,30,27,5,0,7.5,111.11111111111111,0.18518518518518517,8.333333333333334
Javid Patel,9,56,83,2,3,6.222222222222222,67.46987951807229,0.060240963855421686,4.198125836680053
Jay Odedra,2,8,15,1,0,4.0,53.333333333333336,0.06666666666666667,2.1333333333333333
Joshua Asia,2,2,6,0,0,1.0,33.33333333333333,0.0,0.33333333333333326
Junaid Aziz,2,24,29,1,1,12.0,82.75862068965517,0.06896551724137931,9.931034482758621
Junaid Siddique,2,6,9,1,0,3.0,66.66666666666666,0.1111111111111111,1.9999999999999998
K Bhurtel,4,78,65,6,5,19.5,120.0,0.16923076923076924,23.4
K Boniface,3,10,20,0,0,3.3333333333333335,50.0,0.0,1.666666666666667
K Dorji,2,0,4,0,0,0.0,0.0,0.0,0.0
K Jaikaran,4,21,34,2,0,5.25,61.76470588235294,0.058823529411764705,3.2426470588235294
K Kadowaki-Fleming,4,91,88,5,5,22.75,103.40909090909092,0.11363636363636363,23.525568181818183
K Kartikeya,2,3,5,0,0,1.5,60.0,0.0,0.9
K Klein,2,8,13,0,0,4.0,61.53846153846154,0.0,2.4615384615384617
K Mishara,9,126,96,16,5,14.0,131.25,0.21875,18.375
K Piet,1,10,5,0,0,10.0,200.0,0.0,20.0
K Rabada,4,9,10,0,1,2.25,90.0,0.1,2.025
K Sathish,4,57,54,9,1,14.25,105.55555555555556,0.18518518518518517,15.041666666666668
K Senamontree,6,20,23,1,1,3.3333333333333335,86.95652173913044,0.08695652173913043,2.898550724637681
K Sonavale,2,12,17,2,0,6.0,70.58823529411765,0.11764705882352941,4.235294117647059
K Suttisan,4,105,80,10,5,26.25,131.25,0.1875,34.453125
KA Jamieson,5,13,17,2,0,2.6,76.47058823529412,0.11764705882352941,1.9882352941176469
KA Maharaj,2,1,3,0,0,0.5,33.33333333333333,0.0,0.16666666666666663
KB Patil,4,75,72,4,1,18.75,104.16666666666667,0.06944444444444445,19.53125
KD Kesuma,11,239,207,25,8,21.727272727272727,115.45893719806763,0.15942028985507245,25.086078173034693
KDA Lukies,2,47,35,5,1,23.5,134.28571428571428,0.17142857142857143,31.557142857142853
KDC Clarke,1,0,1,0,0,0.0,0.0,0.0,0.0
KH Pandya,7,105,85,8,4,15.0,123.52941176470588,0.1411764705882353,18.529411764705884
KIC Asalanka,6,99,82,7,4,16.5,120.73170731707317,0.13414634146341464,19.920731707317074
KK Ahmed,1,1,2,0,0,1.0,50.0,0.0,0.5
KK Lin Thu,5,29,67,2,0,5.8,43.28358208955223,0.029850746268656716,2.5104477611940292
KK Nair,8,198,114,24,10,24.75,173.6842105263158,0.2982456140350877,42.98684210526316
KL Rahul,13,546,363,53,21,42.0,150.4132231404959,0.20385674931129477,63.17355371900827
KN Singh,1,9,9,0,0,9.0,100.0,0.0,9.0
KS Rathore,1,0,5,0,0,0.0,0.0,0.0,0.0
KT Maphaka,1,8,2,2,0,8.0,400.0,1.0,32.0
KV Sharma,1,1,1,0,0,1.0,100.0,0.0,1.0
Kaleem Sana,1,5,3,1,0,5.0,166.66666666666669,0.3333333333333333,8.333333333333336
Karan KC,3,20,14,1,1,6.666666666666667,142.85714285714286,0.14285714285714285,9.523809523809524
Karma Dorji,1,4,1,1,0,4.0,400.0,1.0,16.0
Kaung Htet Kyaw,2,4,10,0,0,2.0,40.0,0.0,0.8
Kaung Ko Ko,2,4,6,0,0,2.0,66.66666666666666,0.0,1.333333333333333
Kaushal Kumar,3,20,34,2,0,6.666666666666667,58.82352941176471,0.058823529411764705,3.9215686274509807
Khawaja Nafay,4,54,35,3,3,13.5,154.2857142857143,0.17142857142857143,20.828571428571433
Khin Aye,5,14,37,1,0,2.8,37.83783783783784,0.02702702702702703,1.0594594594594593
Komang Putra,1,4,6,0,0,4.0,66.66666666666666,0.0,2.666666666666666
Kuldeep Yadav,6,19,19,2,0,3.1666666666666665,100.0,0.10526315789473684,3.166666666666666
L Lamin,10,114,109,7,7,11.4,104.58715596330275,0.12844036697247707,11.922935779816514
L Maphane,4,51,47,2,2,12.75,108.51063829787233,0.0851063829787234,13.835106382978722
L Monanthane,2,11,12,0,0,5.5,91.66666666666666,0.0,5.041666666666666
L Mutale,2,3,5,0,0,1.5,60.0,0.0,0.9
L Ngidi,4,11,18,1,0,2.75,61.111111111111114,0.05555555555555555,1.6805555555555558
L Perera,3,28,35,2,0,9.333333333333334,80.0,0.05714285714285714,7.466666666666668
L Sipamla,1,2,5,0,0,2.0,40.0,0.0,0.8
L Steenkamp,4,116,86,12,5,29.0,134.88372093023256,0.19767441860465115,39.116279069767444
L Tucker,9,250,195,21,9,27.77777777777778,128.2051282051282,0.15384615384615385,35.61253561253561
L Wood,1,1,1,0,0,1.0,100.0,0.0,1.0
LA Burns,1,31,23,3,0,31.0,134.7826086956522,0.13043478260869565,41.78260869565218
LA Dawson,4,22,33,1,0,5.5,66.66666666666666,0.030303030303030304,3.666666666666666
LG Pretorius,1,44,28,6,1,44.0,157.14285714285714,0.25,69.14285714285714
LH Ferguson,3,13,12,1,0,4.333333333333333,108.33333333333333,0.08333333333333333,4.694444444444444
LM Gabriel,3,40,58,3,2,13.333333333333334,68.96551724137932,0.08620689655172414,9.195402298850576
LN Rajbanshi,1,0,2,0,0,0.0,0.0,0.0,0.0
LS Livingstone,8,112,84,4,9,14.0,133.33333333333331,0.15476190476190477,18.666666666666664
LV van Beek,3,6,8,1,0,2.0,75.0,0.125,1.5
Liton Das,1,7,6,1,0,7.0,116.66666666666667,0.16666666666666666,8.166666666666668
Lokesh Bam,3,55,40,6,2,18.333333333333332,137.5,0.2,25.20833333333333
Lucas Rossi,4,21,24,2,0,5.25,87.5,0.08333333333333333,4.59375
Luqman Butt,8,190,127,10,14,23.75,149.60629921259843,0.1889763779527559,35.531496062992126
M Bhatia,1,1,3,0,0,1.0,33.33333333333333,0.0,0.33333333333333326
M Campopiano,3,14,20,1,0,4.666666666666667,70.0,0.05,3.266666666666667
M Heingo,1,0,2,0,0,0.0,0.0,0.0,0.0
M Jansen,13,160,123,5,13,12.307692307692308,130.0813008130081,0.14634146341463414,16.010006253908692
M Levitt,4,79,60,8,4,19.75,131.66666666666666,0.2,26.004166666666666
M Mooketsi,1,0,2,0,0,0.0,0.0,0.0,0.0
M Pathirana,2,2,5,0,0,1.0,40.0,0.0,0.4
M Podosky,4,39,62,4,1,9.75,62.903225806451616,0.08064516129032258,6.133064516129033
M Shahrukh Khan,11,179,100,11,13,16.272727272727273,179.0,0.24,29.12818181818182
M Syahadat Ramli,4,65,65,2,2,16.25,100.0,0.06153846153846154,16.25
M Theekshana,9,24,46,1,0,2.6666666666666665,52.17391304347826,0.021739130434782608,1.391304347826087
M Tiwari,1,3,4,0,0,3.0,75.0,0.0,2.25
M Yambayamba,4,7,13,0,0,1.75,53.84615384615385,0.0,0.9423076923076923
MA Agarwal,4,95,64,10,2,23.75,148.4375,0.1875,35.25390625
MA Jones,4,142,100,14,6,35.5,142.0,0.2,50.41
MA Leask,4,27,18,2,2,6.75,150.0,0.2222222222222222,10.125
MA Starc,5,6,10,0,0,1.2,60.0,0.0,0.72
MADI Hemantha,3,8,15,0,0,2.6666666666666665,53.333333333333336,0.0,1.4222222222222223
MB Kruger,1,5,10,1,0,5.0,50.0,0.1,2.5
MD Patel,4,91,64,6,4,22.75,142.1875,0.15625,32.34765625
MD Shanaka,11,235,133,6,22,21.363636363636363,176.69172932330827,0.21052631578947367,37.74777853725222
MDKJ Perera,2,23,17,4,0,11.5,135.29411764705884,0.23529411764705882,15.558823529411766
ME Leoela,2,2,20,0,0,1.0,10.0,0.0,0.1
MG Erasmus,4,49,36,3,3,12.25,136.11111111111111,0.16666666666666666,16.67361111111111
MH Cross,3,23,22,3,0,7.666666666666667,104.54545454545455,0.13636363636363635,8.015151515151516
MJ Henry,5,17,14,2,0,3.4,121.42857142857142,0.14285714285714285,4.128571428571428
MJ Humphreys,4,4,9,0,0,1.0,44.44444444444444,0.0,0.4444444444444444
MJ Owen,3,16,20,2,0,5.333333333333333,80.0,0.1,4.266666666666667
MJ Santner,17,248,174,19,13,14.588235294117647,142.52873563218392,0.1839080459770115,20.79242731575389
MK Pandey,3,92,65,5,5,30.666666666666668,141.53846153846155,0.15384615384615385,43.405128205128214
MK Thakur,4,41,33,1,4,10.25,124.24242424242425,0.15151515151515152,12.734848484848484
MM Ali,2,5,14,0,0,2.5,35.714285714285715,0.0,0.8928571428571429
MM Baig,4,77,43,5,4,19.25,179.06976744186048,0.20930232558139536,34.470930232558146
MM Sharma,2,1,3,0,0,0.5,33.33333333333333,0.0,0.16666666666666663
MNM Aslam,3,95,75,10,3,31.666666666666668,126.66666666666666,0.17333333333333334,40.11111111111111
MP Breetzke,1,14,12,1,1,14.0,116.66666666666667,0.16666666666666666,16.333333333333336
MP Kuhnemann,3,7,13,0,0,2.3333333333333335,53.84615384615385,0.0,1.2564102564102564
MP O'Dowd,4,45,44,5,1,11.25,102.27272727272727,0.13636363636363635,11.505681818181818
MP Stoinis,15,235,144,14,16,15.666666666666666,163.19444444444443,0.20833333333333334,25.567129629629626
MR Adair,6,89,65,6,3,14.833333333333334,136.92307692307693,0.13846153846153847,20.310256410256414
MR Kumar,3,28,26,2,1,9.333333333333334,107.6923076923077,0.11538461538461539,10.051282051282051
MR Marsh,17,764,458,72,45,44.94117647058823,166.8122270742358,0.2554585152838428,74.96737734395067
MRJ Watt,3,27,20,2,1,9.0,135.0,0.15,12.15
MS Bhandage,1,1,4,0,0,1.0,25.0,0.0,0.25
MS Chapman,8,156,113,15,6,19.5,138.05309734513273,0.18584070796460178,26.92035398230088
MS Dhoni,13,196,145,12,12,15.076923076923077,135.17241379310346,0.16551724137931034,20.379840848806367
MT Renshaw,5,120,99,8,2,24.0,121.21212121212122,0.10101010101010101,29.09090909090909
MW Forde,5,45,32,4,3,9.0,140.625,0.21875,12.65625
MW Short,3,34,31,4,0,11.333333333333334,109.6774193548387,0.12903225806451613,12.43010752688172
Maaz Khan,4,19,40,0,1,4.75,47.5,0.025,2.25625
Manuel Iturbe,2,4,7,0,0,2.0,57.14285714285714,0.0,1.1428571428571428
Marcelle Hanekom,9,118,126,13,1,13.11111111111111,93.65079365079364,0.1111111111111111,12.278659611992943
Md Shuayeb,3,6,31,0,0,2.0,19.35483870967742,0.0,0.3870967741935484
Meet Bhavsar,3,91,73,8,5,30.333333333333332,124.65753424657535,0.1780821917808219,37.81278538812786
Milind Kumar,4,94,79,6,3,23.5,118.9873417721519,0.11392405063291139,27.962025316455698
Mohamed Turay,7,16,22,1,0,2.2857142857142856,72.72727272727273,0.045454545454545456,1.6623376623376622
Mohammad Bhaidu,6,50,77,4,1,8.333333333333334,64.93506493506493,0.06493506493506493,5.411255411255411
Mohammad Ihsan,3,279,127,10,27,93.0,219.68503937007875,0.29133858267716534,204.30708661417324
Mohammad Mohsin,3,9,11,1,0,3.0,81.81818181818183,0.09090909090909091,2.454545454545455
Mohammad Nadeem,3,56,61,3,1,18.666666666666668,91.80327868852459,0.06557377049180328,17.13661202185792
Mohammad Nawaz,9,72,65,6,3,8.0,110.76923076923077,0.13846153846153847,8.861538461538462
Mohammad Waheed,1,7,11,1,0,7.0,63.63636363636363,0.09090909090909091,4.454545454545454
Mohammad Wasim,1,7,8,0,1,7.0,87.5,0.125,6.125
Mohammed Jamadar,4,61,80,8,0,15.25,76.25,0.1,11.628125
Mohammed Shami,4,10,10,1,0,2.5,100.0,0.1,2.5
Mohammed Siraj,1,3,4,0,0,3.0,75.0,0.0,2.25
Mohmedazim Abbasbhai,6,72,75,9,1,12.0,96.0,0.13333333333333333,11.52
Mongdara Sok,5,2,9,0,0,0.4,22.22222222222222,0.0,0.08888888888888889
Muhammad Amir,5,60,44,6,2,12.0,136.36363636363635,0.18181818181818182,16.36363636363636
Muhammad Arfan,5,53,52,3,1,10.6,101.92307692307692,0.07692307692307693,10.803846153846152
Muhammad Asim,14,425,322,38,25,30.357142857142858,131.98757763975155,0.1956521739130435,40.06765749778172
Muhammad Farooq,1,1,2,0,0,1.0,50.0,0.0,0.5
Muhammad Haziq Aiman,7,201,107,16,17,28.714285714285715,187.85046728971963,0.308411214953271,53.939919893190925
Muhammad Jawadullah,1,4,4,0,0,4.0,100.0,0.0,4.0
Muhammad Nadir,4,23,22,1,1,5.75,104.54545454545455,0.09090909090909091,6.011363636363637
Muhammad Naeem,8,70,80,4,4,8.75,87.5,0.1,7.65625
Muhammad Salman,3,7,12,1,0,2.3333333333333335,58.333333333333336,0.08333333333333333,1.3611111111111112
Muhammad Umar,3,50,44,1,5,16.666666666666668,113.63636363636364,0.13636363636363635,18.93939393939394
Muhammad Zohaib,1,14,14,2,0,14.0,100.0,0.14285714285714285,14.0
Musheer Khan,1,0,3,0,0,0.0,0.0,0.0,0.0
Mustafizur Rahman,1,0,1,0,0,0.0,0.0,0.0,0.0
Myat Thu Aung,5,42,82,2,0,8.4,51.21951219512195,0.024390243902439025,4.302439024390244
N Chejay,7,116,142,11,1,16.571428571428573,81.69014084507043,0.08450704225352113,13.537223340040244
N Nuntarach,3,10,16,1,0,3.3333333333333335,62.5,0.0625,2.0833333333333335
N Pooran,14,519,265,44,40,37.07142857142857,195.8490566037736,0.3169811320754717,72.60404312668464
N Rana,11,217,134,27,9,19.727272727272727,161.94029850746267,0.26865671641791045,31.946404341926726
N Senamontree,5,24,35,1,0,4.8,68.57142857142857,0.02857142857142857,3.291428571428571
N Tanner,4,18,30,2,0,4.5,60.0,0.06666666666666667,2.7
N Thushara,1,0,3,0,0,0.0,0.0,0.0,0.0
N Wadhera,15,368,251,28,21,24.533333333333335,146.61354581673308,0.1952191235059761,35.96918990703852
NA Karnik,2,21,31,1,0,10.5,67.74193548387096,0.03225806451612903,7.112903225806451
NK Yadav,1,0,2,0,0,0.0,0.0,0.0,0.0
NR Kirton,3,10,12,1,0,3.3333333333333335,83.33333333333334,0.08333333333333333,2.777777777777778
NRJ Croes,1,25,12,5,0,25.0,208.33333333333334,0.4166666666666667,52.08333333333334
NS Dhaliwal,3,107,83,11,2,35.666666666666664,128.91566265060243,0.1566265060240964,45.97991967871486
NT Ellis,2,7,6,1,0,3.5,116.66666666666667,0.16666666666666666,4.083333333333334
NT Gireesh,5,24,32,2,1,4.8,75.0,0.09375,3.6
NT Rajendran,2,12,11,2,0,6.0,109.09090909090908,0.18181818181818182,6.545454545454545
Nadeem Khan,3,22,23,1,1,7.333333333333333,95.65217391304348,0.08695652173913043,7.0144927536231885
Naman Dhir,12,252,138,25,13,21.0,182.6086956521739,0.2753623188405797,38.34782608695652
Namgay Thinley,13,275,158,24,18,21.153846153846153,174.0506329113924,0.26582278481012656,36.81840311587147
Naseem Shah,2,2,2,0,0,1.0,100.0,0.0,1.0
Naveena Shetty,4,26,15,3,1,6.5,173.33333333333334,0.26666666666666666,11.266666666666667
Nay Lin Htun,3,8,14,1,0,2.6666666666666665,57.14285714285714,0.07142857142857142,1.5238095238095235
Nimish Lathief,1,4,6,0,0,4.0,66.66666666666666,0.0,2.666666666666666
Nirmaljit Singh,6,21,52,1,1,3.5,40.38461538461539,0.038461538461538464,1.4134615384615388
Nithish Kumar Reddy,11,181,152,16,4,16.454545454545453,119.07894736842107,0.13157894736842105,19.593899521531103
Nizakat Khan,3,17,16,2,0,5.666666666666667,106.25,0.125,6.020833333333334
Noor Ahmad,6,7,17,0,0,1.1666666666666667,41.17647058823529,0.0,0.4803921568627451
Nyeing Cham Soe,4,22,26,1,1,5.5,84.61538461538461,0.07692307692307693,4.653846153846153
O Davidson,3,21,17,2,1,7.0,123.52941176470588,0.17647058823529413,8.647058823529413
O Isiyaku,2,5,14,0,0,2.5,35.714285714285715,0.0,0.8928571428571429
O Manishimwe,6,61,83,2,3,10.166666666666666,73.49397590361446,0.060240963855421686,7.471887550200803
O Tuyisenge,6,31,40,1,0,5.166666666666667,77.5,0.025,4.004166666666666
OEG Baartman,1,1,2,0,0,1.0,50.0,0.0,0.5
P Baron,4,209,159,26,2,52.25,131.44654088050314,0.1761006289308176,68.68081761006289
P Kurup,13,312,320,33,6,24.0,97.5,0.121875,23.4
P Madhukar,1,3,7,0,0,3.0,42.857142857142854,0.0,1.2857142857142856
P Nissanka,12,303,211,31,12,25.25,143.60189573459715,0.2037914691943128,36.25947867298578
P Rathnayake,9,257,169,27,7,28.555555555555557,152.07100591715977,0.20118343195266272,43.42472057856674
P Silas,4,45,49,3,0,11.25,91.83673469387756,0.061224489795918366,10.331632653061227
P Simran Singh,18,598,368,63,30,33.22222222222222,162.5,0.25271739130434784,53.986111111111114
P Suanchuai,7,51,66,7,0,7.285714285714286,77.27272727272727,0.10606060606060606,5.629870129870129
P Thongsa,8,38,53,1,0,4.75,71.69811320754717,0.018867924528301886,3.4056603773584904
P Useni,6,72,32,1,8,12.0,225.0,0.28125,27.0
PA van Meekeren,1,0,1,0,0,0.0,0.0,0.0,0.0
PD Salt,23,576,346,63,30,25.043478260869566,166.47398843930637,0.26878612716763006,41.6908771048002
PHKD Mendis,12,218,149,17,8,18.166666666666668,146.30872483221478,0.16778523489932887,26.579418344519024
PJ Cummins,9,97,58,6,7,10.777777777777779,167.24137931034483,0.22413793103448276,18.02490421455939
PR Stirling,8,135,115,12,6,16.875,117.3913043478261,0.1565217391304348,19.809782608695652
PSRK Sudarshan,2,9,5,0,1,4.5,180.0,0.2,8.1
PVD Chameera,7,23,44,0,0,3.2857142857142856,52.27272727272727,0.0,1.7175324675324675
PVSN Raju,1,1,1,0,0,1.0,100.0,0.0,1.0
PWA Mulder,1,9,11,1,0,9.0,81.81818181818183,0.09090909090909091,7.363636363636365
PWH de Silva,9,43,42,5,0,4.777777777777778,102.38095238095238,0.11904761904761904,4.891534391534392
Parvez Hossain Emon,1,33,26,1,3,33.0,126.92307692307692,0.15384615384615385,41.88461538461538
Pel Vannak,2,0,3,0,0,0.0,0.0,0.0,0.0
Pratik Singh Bais,2,10,14,0,0,5.0,71.42857142857143,0.0,3.5714285714285716
Prince Yadav,2,5,10,0,0,2.5,50.0,0.0,1.25
Priyansh Arya,18,545,298,60,31,30.27777777777778,182.88590604026845,0.3053691275167785,55.37378821774795
Pyae Phyo Wai,5,74,79,7,0,14.8,93.67088607594937,0.08860759493670886,13.863291139240507
Q de Kock,21,571,357,47,38,27.19047619047619,159.94397759103643,0.23809523809523808,43.48952914499133
R Ashwin,4,33,29,3,1,8.25,113.79310344827587,0.13793103448275862,9.38793103448276
R Chopra,1,8,12,0,0,8.0,66.66666666666666,0.0,5.333333333333332
R Coker,10,132,175,9,2,13.2,75.42857142857143,0.06285714285714286,9.95657142857143
R Escobar,3,48,68,1,0,16.0,70.58823529411765,0.014705882352941176,11.294117647058824
R Galgalikar,4,26,45,2,0,6.5,57.77777777777777,0.044444444444444446,3.7555555555555555
R Gaznavi,1,44,41,4,1,44.0,107.31707317073172,0.12195121951219512,47.21951219512195
R Limbu,3,32,47,4,1,10.666666666666666,68.08510638297872,0.10638297872340426,7.262411347517729
R Minz,2,6,15,0,0,3.0,40.0,0.0,1.2
R Murugan,3,1,7,0,0,0.3333333333333333,14.285714285714285,0.0,0.04761904761904761
R Nehonde,1,10,14,0,0,10.0,71.42857142857143,0.0,7.142857142857143
R Ngarava,1,7,6,0,1,7.0,116.66666666666667,0.16666666666666666,8.166666666666668
R Parag,14,392,236,27,27,28.0,166.10169491525423,0.2288135593220339,46.50847457627118
R Powell,10,197,145,14,12,19.7,135.86206896551724,0.1793103448275862,26.76482758620689
R Ramadhasyena,2,77,47,8,4,38.5,163.82978723404256,0.2553191489361702,63.07446808510638
R Ravindra,19,400,298,34,15,21.05263157894737,134.2281879194631,0.1644295302013423,28.258565877781706
R Sai Kishore,3,5,10,0,0,1.6666666666666667,50.0,0.0,0.8333333333333335
R Sandaruwan,3,29,24,3,2,9.666666666666666,120.83333333333333,0.20833333333333334,11.680555555555554
R Sharma,4,82,57,6,4,20.5,143.859649122807,0.17543859649122806,29.49122807017544
R Shepherd,10,165,88,9,15,16.5,187.5,0.2727272727272727,30.9375
R Tewatia,11,99,59,6,7,9.0,167.79661016949152,0.22033898305084745,15.101694915254235
R Trumpelmann,4,18,26,0,1,4.5,69.23076923076923,0.038461538461538464,3.1153846153846154
RA Bawa,1,8,4,0,0,8.0,200.0,0.0,16.0
RA Jadeja,14,301,222,25,10,21.5,135.5855855855856,0.15765765765765766,29.1509009009009
RA Sealy,1,63,31,4,4,63.0,203.2258064516129,0.25806451612903225,128.03225806451613
RA Tripathi,5,55,57,6,1,11.0,96.49122807017544,0.12280701754385964,10.614035087719298
RD Berrington,4,116,73,10,5,29.0,158.9041095890411,0.2054794520547945,46.08219178082192
RD Gaikwad,5,122,81,14,4,24.4,150.6172839506173,0.2222222222222222,36.75061728395062
RD Rickelton,24,685,434,69,35,28.541666666666668,157.83410138248848,0.23963133640552994,45.04848310291859
RE van der Merwe,2,14,20,0,0,7.0,70.0,0.0,4.9
RG Sharma,15,416,279,41,22,27.733333333333334,149.10394265232975,0.22580645161290322,41.35149342891278
RK Paudel,4,83,69,4,4,20.75,120.28985507246377,0.11594202898550725,24.96014492753623
RK Singh,19,318,219,29,17,16.736842105263158,145.2054794520548,0.2100456621004566,24.30281182408075
RL Chase,5,122,99,15,1,24.4,123.23232323232322,0.16161616161616163,30.068686868686864
RM Dorji,13,265,201,25,10,20.384615384615383,131.8407960199005,0.17412935323383086,26.875239188672023
RM Koda,2,7,10,0,0,3.5,70.0,0.0,2.45
RM Patidar,14,312,217,25,14,22.285714285714285,143.77880184331798,0.17972350230414746,32.04213298222515
RP Burl,5,63,52,6,1,12.6,121.15384615384615,0.1346153846153846,15.265384615384614
RR Hendricks,3,21,25,1,1,7.0,84.0,0.08,5.88
RR Pant,13,269,202,23,16,20.692307692307693,133.16831683168317,0.19306930693069307,27.555597867479058
Rahmanullah Gurbaz,5,74,53,10,3,14.8,139.62264150943395,0.24528301886792453,20.664150943396226
Ramandeep Singh,7,47,35,1,4,6.714285714285714,134.28571428571428,0.14285714285714285,9.016326530612245
Rashid Khan,8,40,28,2,3,5.0,142.85714285714286,0.17857142857142858,7.142857142857143
Ravi Bishnoi,3,23,26,1,2,7.666666666666667,88.46153846153845,0.11538461538461539,6.782051282051282
Rehan Ahmed,1,19,7,1,2,19.0,271.42857142857144,0.42857142857142855,51.57142857142858
Rhys Burinaga,3,7,18,0,0,2.3333333333333335,38.88888888888889,0.0,0.9074074074074077
Rizwan Butt,7,31,37,0,3,4.428571428571429,83.78378378378379,0.08108108108108109,3.7104247104247112
Rohit Limbu,1,12,25,1,0,12.0,48.0,0.04,5.76
S Bharratt,4,21,24,3,0,5.25,87.5,0.125,4.59375
S Desungnoen,8,133,140,13,7,16.625,95.0,0.14285714285714285,15.79375
S Dube,30,729,472,45,50,24.3,154.44915254237287,0.20127118644067796,37.53114406779661
S Houghton,5,106,145,7,3,21.2,73.10344827586206,0.06896551724137931,15.497931034482757
S Kochar,3,9,19,0,0,3.0,47.368421052631575,0.0,1.4210526315789473
S Lamichhane,1,5,7,0,0,5.0,71.42857142857143,0.0,3.5714285714285716
S Mathur,3,23,26,2,0,7.666666666666667,88.46153846153845,0.07692307692307693,6.782051282051282
S Movva,2,30,32,4,0,15.0,93.75,0.125,14.0625
S Muniandy,6,52,40,4,2,8.666666666666666,130.0,0.15,11.266666666666666
S Ravichandran,3,41,51,3,2,13.666666666666666,80.3921568627451,0.09803921568627451,10.986928104575163
S Rungrueang,1,0,3,0,0,0.0,0.0,0.0,0.0
S Sharma,1,0,1,0,0,0.0,0.0,0.0,0.0
S Vijay Unni,4,21,34,2,0,5.25,61.76470588235294,0.058823529411764705,3.2426470588235294
S Williams,2,4,10,0,0,2.0,40.0,0.0,0.8
S Yeshi,6,26,31,2,2,4.333333333333333,83.87096774193549,0.12903225806451613,3.6344086021505375
SA Abbott,1,0,1,0,0,0.0,0.0,0.0,0.0
SA Edwards,4,90,62,8,2,22.5,145.16129032258064,0.16129032258064516,32.66129032258064
SA Okpe,9,168,144,11,4,18.666666666666668,116.66666666666667,0.10416666666666667,21.77777777777778
SA Yadav,34,1235,759,119,63,36.3235294117647,162.7140974967062,0.23978919631093545,59.10350306130356
SB Dubey,8,105,65,6,8,13.125,161.53846153846155,0.2153846153846154,21.201923076923077
SC van Schalkwyk,2,3,7,0,0,1.5,42.857142857142854,0.0,0.6428571428571428
SD Hope,9,268,197,23,14,29.77777777777778,136.04060913705584,0.18781725888324874,40.509870276367735
SE Rutherford,19,535,315,39,35,28.157894736842106,169.84126984126985,0.23492063492063492,47.82372598162072
SH Johnson,2,2,4,0,0,1.0,50.0,0.0,0.5
SH Venugopal,4,75,63,4,4,18.75,119.04761904761905,0.12698412698412698,22.321428571428573
SK Rasheed,5,71,63,9,2,14.2,112.6984126984127,0.1746031746031746,16.003174603174603
SM Curran,16,358,284,27,14,22.375,126.05633802816902,0.1443661971830986,28.20510563380282
SM Sharif,1,0,2,0,0,0.0,0.0,0.0,0.0
SN Thakur,5,18,12,3,0,3.6,150.0,0.25,5.4
SO Hetmyer,23,660,396,46,42,28.695652173913043,166.66666666666669,0.2222222222222222,47.82608695652174
SP Krishnamurthi,4,100,67,5,7,25.0,149.2537313432836,0.1791044776119403,37.3134328358209
SP Narine,12,246,144,25,19,20.5,170.83333333333331,0.3055555555555556,35.02083333333333
SR Mukkamalla,3,98,76,7,4,32.666666666666664,128.94736842105263,0.14473684210526316,42.122807017543856
SS Iyer,17,603,343,43,39,35.470588235294116,175.80174927113703,0.239067055393586,62.35791459440919
SV Samson,20,688,418,64,41,34.4,164.5933014354067,0.2511961722488038,56.620095693779895
Saad Bin Zafar,2,16,15,2,0,8.0,106.66666666666667,0.13333333333333333,8.533333333333333
Saghar Manzoor,5,42,74,2,2,8.4,56.75675675675676,0.05405405405405406,4.767567567567568
Sahibzada Farhan,10,446,286,44,20,44.6,155.94405594405595,0.22377622377622378,69.55104895104895
Saif Hassan,1,19,14,2,1,19.0,135.71428571428572,0.21428571428571427,25.78571428571429
Saim Ayub,10,219,144,25,9,21.9,152.08333333333331,0.2361111111111111,33.30625
Sajid Khan,5,10,27,0,0,2.0,37.03703703703704,0.0,0.7407407407407408
Salman Mirza,2,2,4,0,0,1.0,50.0,0.0,0.5
Salman Patel,6,32,34,3,1,5.333333333333333,94.11764705882352,0.11764705882352941,5.019607843137254
Sameer Rizvi,4,121,79,11,7,30.25,153.1645569620253,0.22784810126582278,46.33227848101265
Sandeep Sharma,1,6,5,0,0,6.0,120.0,0.0,7.2
Saqlain Arshad,4,37,34,5,0,9.25,108.8235294117647,0.14705882352941177,10.066176470588234
Sarawut Maliwan,2,3,10,0,0,1.5,30.0,0.0,0.45
Sediqullah Atal,1,22,16,0,2,22.0,137.5,0.125,30.25
Selim Salau,8,168,144,12,6,21.0,116.66666666666667,0.125,24.5
Shadab Khan,11,217,135,17,12,19.727272727272727,160.74074074074073,0.21481481481481482,31.70976430976431
Shafiq Jan,1,0,1,0,0,0.0,0.0,0.0,0.0
Shah Abrar Hussain,9,277,258,17,14,30.77777777777778,107.3643410852713,0.12015503875968993,33.04435831180017
Shah Faisal,3,15,16,2,0,5.0,93.75,0.125,4.6875
Shahbaz Ahmed,1,9,8,1,0,9.0,112.5,0.125,10.125
Shaheen Shah Afridi,6,43,38,3,2,7.166666666666667,113.1578947368421,0.13157894736842105,8.109649122807017
Shahnawaz Patel,8,82,81,7,1,10.25,101.23456790123457,0.09876543209876543,10.376543209876543
Shahzaib Jamil,1,11,6,1,0,11.0,183.33333333333331,0.16666666666666666,20.166666666666664
Shahzeb Afridi,4,62,35,2,6,15.5,177.14285714285714,0.22857142857142856,27.45714285714286
Shakeel Ahmed,3,11,17,1,0,3.6666666666666665,64.70588235294117,0.058823529411764705,2.3725490196078427
Shantanu Kaveri,4,32,46,1,0,8.0,69.56521739130434,0.021739130434782608,5.565217391304348
Shariq Munir,2,53,20,4,4,26.5,265.0,0.4,70.225
Shashank Singh,14,350,228,23,18,25.0,153.50877192982458,0.17982456140350878,38.377192982456144
Shayan Jahangir,3,91,66,8,5,30.333333333333332,137.87878787878788,0.19696969696969696,41.823232323232325
Shoaib Khan,4,67,49,4,5,16.75,136.73469387755102,0.1836734693877551,22.903061224489797
Shoaib Rafiq,2,1,7,0,0,0.5,14.285714285714285,0.0,0.07142857142857142
Shubham Ranjane,4,141,78,9,8,35.25,180.76923076923077,0.21794871794871795,63.72115384615385
Shubman Gill,18,681,445,68,24,37.833333333333336,153.03370786516854,0.20674157303370785,57.89775280898877
Shujaat Rasool,1,10,10,2,0,10.0,100.0,0.2,10.0
Sikandar Raza,6,206,125,17,13,34.333333333333336,164.79999999999998,0.24,56.58133333333333
Simarjeet Singh,3,3,7,0,0,1.0,42.857142857142854,0.0,0.42857142857142855
Sohail Ahmed,14,408,358,27,17,29.142857142857142,113.96648044692736,0.12290502793296089,33.21308858739026
Sompal Kami,1,24,14,4,0,24.0,171.42857142857142,0.2857142857142857,41.14285714285714
Soyeb Pendi,7,31,27,2,3,4.428571428571429,114.81481481481481,0.18518518518518517,5.084656084656085
Sufyan Mehmood,3,36,51,3,0,12.0,70.58823529411765,0.058823529411764705,8.470588235294118
Sulaimon Runsewe,10,169,162,14,4,16.9,104.32098765432099,0.1111111111111111,17.630246913580244
Suryansh Shedge,3,7,11,0,0,2.3333333333333335,63.63636363636363,0.0,1.484848484848485
Swann Htet Ko Ko,2,3,4,0,0,1.5,75.0,0.0,1.125
Syed Aziz,5,120,113,6,6,24.0,106.19469026548674,0.10619469026548672,25.486725663716815
Syed Haider,1,6,15,0,0,6.0,40.0,0.0,2.4
Syed Naqvi,1,6,10,0,0,6.0,60.0,0.0,3.6
T Banton,11,244,167,19,12,22.181818181818183,146.10778443113773,0.18562874251497005,32.409363091997825
T Jamtsho,13,105,89,10,5,8.076923076923077,117.97752808988764,0.16853932584269662,9.52895419187554
T Marumani,6,131,93,20,4,21.833333333333332,140.86021505376345,0.25806451612903225,30.754480286738353
T Munyonga,4,35,30,2,2,8.75,116.66666666666667,0.13333333333333333,10.208333333333334
T Musekiwa,3,8,6,0,1,2.6666666666666665,133.33333333333331,0.16666666666666666,3.555555555555555
T Rossi,4,68,52,3,4,17.0,130.76923076923077,0.1346153846153846,22.230769230769234
T Stubbs,21,470,321,32,19,22.38095238095238,146.41744548286604,0.1588785046728972,32.76961875092716
T Tshose,3,59,39,2,4,19.666666666666668,151.28205128205127,0.15384615384615385,29.752136752136753
T Wangchuk,7,35,49,2,0,5.0,71.42857142857143,0.04081632653061224,3.5714285714285716
T Yotharat,1,0,7,0,0,0.0,0.0,0.0,0.0
TA Boult,2,2,3,0,0,1.0,66.66666666666666,0.0,0.6666666666666665
TA Dudnath,4,36,60,0,1,9.0,60.0,0.016666666666666666,5.4
TB Robinson,1,21,15,2,1,21.0,140.0,0.2,29.4
TC Bruce,4,65,53,2,3,16.25,122.64150943396226,0.09433962264150944,19.92924528301887
TD Chaoana,3,10,26,0,0,3.3333333333333335,38.46153846153847,0.0,1.2820512820512824
TH David,11,183,106,16,13,16.636363636363637,172.64150943396226,0.27358490566037735,28.721269296740992
TH Tector,2,22,14,3,1,11.0,157.14285714285714,0.2857142857142857,17.285714285714285
TJ Draca,3,11,14,1,0,3.6666666666666665,78.57142857142857,0.07142857142857142,2.880952380952381
TL Seifert,11,364,217,41,16,33.09090909090909,167.74193548387098,0.2626728110599078,55.50733137829912
TM Head,18,511,314,70,20,28.38888888888889,162.7388535031847,0.28662420382165604,46.19975230007077
TU Deshpande,4,7,8,0,0,1.75,87.5,0.0,1.53125
Tanzid Hasan,1,55,36,4,3,55.0,152.77777777777777,0.19444444444444445,84.02777777777777
Tashi Dorji,9,92,64,2,9,10.222222222222221,143.75,0.171875,14.694444444444443
Tashi Phuntsho,8,49,89,2,0,6.125,55.0561797752809,0.02247191011235955,3.372191011235955
Tenjin Rabgey,9,165,139,14,7,18.333333333333332,118.70503597122301,0.1510791366906475,21.76258992805755
Thuya Aung,5,31,65,2,0,6.2,47.69230769230769,0.03076923076923077,2.956923076923077
Tilak Varma,26,730,521,58,33,28.076923076923077,140.1151631477927,0.1746641074856046,39.34002657611103
Tshering Tashi,8,95,119,8,3,11.875,79.83193277310924,0.09243697478991597,9.480042016806722
U Dorji,1,1,5,0,0,1.0,20.0,0.0,0.2
Ugyen Dorji,1,0,5,0,0,0.0,0.0,0.0,0.0
Urvil Patel,3,68,32,5,6,22.666666666666668,212.5,0.34375,48.16666666666667
Usman Khan,9,139,112,13,4,15.444444444444445,124.10714285714286,0.15178571428571427,19.16765873015873
Usman Patel,2,3,11,0,0,1.5,27.27272727272727,0.0,0.40909090909090906
Usman Tariq,1,0,3,0,0,0.0,0.0,0.0,0.0
V Balakrishnan,4,71,69,7,0,17.75,102.89855072463767,0.10144927536231885,18.264492753623188
V Hirlal,4,43,55,6,0,10.75,78.18181818181819,0.10909090909090909,8.404545454545454
V Kohli,15,657,454,66,19,43.8,144.7136563876652,0.18722466960352424,63.384581497797356
V Mbazo,3,33,39,1,1,11.0,84.61538461538461,0.05128205128205128,9.307692307692307
V Nagpaul,1,2,3,0,0,2.0,66.66666666666666,0.0,1.333333333333333
V Nigam,8,142,78,16,8,17.75,182.05128205128204,0.3076923076923077,32.31410256410256
V Shankar,5,117,90,8,3,23.4,130.0,0.12222222222222222,30.42
V Shaw,4,42,47,2,2,10.5,89.36170212765957,0.0851063829787234,9.382978723404255
V Shukla,4,38,32,5,0,9.5,118.75,0.15625,11.28125
V Suryavanshi,7,252,121,18,24,36.0,208.26446280991738,0.34710743801652894,74.97520661157026
V Zanko,3,5,22,0,0,1.6666666666666667,22.727272727272727,0.0,0.37878787878787884
VD Adewoye,8,115,95,7,5,14.375,121.05263157894737,0.12631578947368421,17.401315789473685
VG Arora,2,0,8,0,0,0.0,0.0,0.0,0.0
VR Iyer,7,142,102,15,4,20.285714285714285,139.2156862745098,0.18627450980392157,28.24089635854342
Vineet Shah,5,45,54,1,1,9.0,83.33333333333334,0.037037037037037035,7.500000000000001
Virandeep Singh,5,113,72,16,4,22.6,156.94444444444443,0.2777777777777778,35.46944444444444
W Miyauchi,3,12,15,1,0,4.0,80.0,0.06666666666666667,3.2
W Ngowhuad,3,5,10,0,0,1.6666666666666667,50.0,0.0,0.8333333333333335
WG Jacks,20,462,304,40,25,23.1,151.9736842105263,0.2138157894736842,35.10592105263158
WL Madsen,3,110,87,13,0,36.666666666666664,126.4367816091954,0.14942528735632185,46.36015325670498
WP Masakadza,1,1,1,0,0,1.0,100.0,0.0,1.0
WP Myburgh,2,12,18,0,0,6.0,66.66666666666666,0.0,3.9999999999999996
Waseem Muhammad,5,140,112,11,6,28.0,125.0,0.15178571428571427,35.0
Waseem Yaqoob,4,39,67,5,0,9.75,58.2089552238806,0.07462686567164178,5.675373134328359
Washington Sundar,6,144,91,10,8,24.0,158.24175824175825,0.1978021978021978,37.97802197802198
Wasim Ali,3,62,61,4,3,20.666666666666668,101.63934426229508,0.11475409836065574,21.00546448087432
XC Bartlett,5,66,58,6,3,13.2,113.79310344827587,0.15517241379310345,15.020689655172413
XSD Smith,4,72,75,0,3,18.0,96.0,0.04,17.28
Y Jalloh,9,162,178,15,1,18.0,91.01123595505618,0.0898876404494382,16.382022471910112
Y Naing Tun,2,6,14,1,0,3.0,42.857142857142854,0.07142857142857142,1.2857142857142856
Y Saranonnakkun,8,75,80,7,3,9.375,93.75,0.125,8.7890625
YBK Jaiswal,14,559,350,60,28,39.92857142857143,159.71428571428572,0.25142857142857145,63.77163265306123
YP Dayal,3,13,13,1,0,4.333333333333333,100.0,0.07692307692307693,4.333333333333333
YS Samra,3,127,78,14,6,42.333333333333336,162.82051282051282,0.2564102564102564,68.92735042735043
YSD Seneveratne,4,162,125,14,7,40.5,129.6,0.168,52.488
Yash Dayal,3,4,8,0,0,1.3333333333333333,50.0,0.0,0.6666666666666665
Yasim Murtaza,3,74,43,5,5,24.666666666666668,172.09302325581396,0.23255813953488372,42.44961240310078
Yasin Patel,3,18,28,1,0,6.0,64.28571428571429,0.03571428571428571,3.8571428571428577
Yasir Ali,3,48,40,2,2,16.0,120.0,0.1,19.2
Yasser Nazir,11,192,155,21,8,17.454545454545453,123.87096774193549,0.1870967741935484,21.621114369501466
Z Bimenyimana,4,6,11,0,0,1.5,54.54545454545454,0.0,0.8181818181818181
ZB Lion-Cachet,3,41,29,3,1,13.666666666666666,141.3793103448276,0.13793103448275862,19.32183908045977
ZE Green,4,45,51,3,0,11.25,88.23529411764706,0.058823529411764705,9.926470588235293
ZGF Foulkes,2,28,14,3,2,14.0,200.0,0.35714285714285715,28.0
Zeeshan Ali,3,103,86,17,0,34.333333333333336,119.76744186046511,0.19767441860465115,41.12015503875969
Zeeshan Haider,1,16,11,1,1,16.0,145.45454545454547,0.18181818181818182,23.272727272727273
Zubaidi Zulkifle,6,74,51,10,4,12.333333333333334,145.09803921568627,0.27450980392156865,17.895424836601308
Zubair Ali,4,200,135,21,8,50.0,148.14814814814815,0.21481481481481482,74.07407407407408
Zwe Htet Paing,2,3,6,0,0,1.5,50.0,0.0,0.75
